Enrollment,Name
100001,Rizwan Shah
100002,Pratap Singh
100003,Aditya Singh
100004,Arjun Kumar
100005,Sai Prakash
100006,Reyansh Gupta
100007,Krishna Yadav
100008,Ishaan Mishra
100009,Shaurya Patel
100010,Atharv Joshi
100011,Rudra Tiwari
100012,Kabir Mehta
100013,Ayush Chauhan
100014,Dev Malhotra
100015,Harsh Saxena
100016,Yash Thakur
100017,Manav Saini
100018,Parth Agarwal
100019,Nikhil Bansal
100020,Rohan Deshmukh
100021,Aman Sharma
100022,Rahul Verma
100023,Karan Singh
100024,Mohit Kumar
100025,Sachin Yadav
100026,Deepak Gupta
100027,Sumit Mishra
100028,Rajat Patel
100029,Vivek Joshi
100030,Ankit Mehta
100031,Priya Sharma
100032,Ananya Verma
100033,Diya Singh
100034,Kavya Kumar
100035,Riya Gupta
100036,Meera Patel
100037,Siya Joshi
100038,Ira Mehta
100039,Sneha Yadav
100040,Pooja Mishra
100041,Muskan Tiwari
100042,Neha Agarwal
100043,Khushi Bansal
100044,Payal Saxena
100045,Tanvi Chauhan
100046,Shreya Malhotra
100047,Aditi Saini
100048,Simran Thakur
100049,Nandini Deshmukh
100050,Palak Prakash
100051,Tanmay
